100.26.209.220|||||443|||||cdn.az.gov
101.132.111.172|||||80|||||ftp.chinafix.com
101.200.131.200|||||80|||||101.200.131.200
101.201.34.21|||||80|||||101.201.34.21
101.32.179.160|||||443|||||cloud-fer.com
101.32.186.196|||||80|||||101.32.186.196
101.32.21.62|||||80|||||101.32.21.62
101.32.21.62|||||81|||||101.32.21.62
101.32.29.242|||||8443|||||www.800best.ml
101.37.148.15|||||443|||||101.37.148.15
101.37.158.0|||||7777|||||101.37.158.0
101.37.24.50|||||22222|||||101.37.24.50
101.37.76.212|||||8888|||||101.37.76.212
103.10.196.37|||||443|||||8868e034138a484e.myvnc.com
103.100.208.44|||||81|||||155.94.138.39
103.114.161.122|||||443|||||coco.cechire.com
103.114.161.144|||||443|||||coco.cechire.com
103.114.162.182|||||443|||||cdns.blogsite.org
103.117.72.60|||||443|||||103.117.72.60
103.138.12.53|||||443|||||www.qfaet.com
103.138.12.53|||||8899|||||103.138.12.53
103.140.228.201|||||80|||||cs.italycannon.cf
103.143.208.3|||||443|||||103.143.208.3
103.150.8.146|||||443|||||103.150.8.146
103.152.132.173|||||443|||||http.ifirstmeet.cn
103.152.132.173|||||8081|||||103.152.132.173
103.224.82.194|||||443|||||fuckbc.ctlers.club
103.231.222.39|||||8081|||||103.231.222.39
103.234.72.248|||||443|||||103.234.72.248
103.234.72.32|||||443|||||103.234.72.32
103.253.43.87|||||80|||||103.253.43.87
103.253.43.98|||||443|||||103.253.43.98
103.254.75.240|||||443|||||103.254.75.240
103.39.18.161|||||443|||||156.226.191.234
103.39.18.162|||||443|||||156.226.191.234
103.39.18.166|||||443|||||156.226.191.234
103.39.18.167|||||443|||||156.226.191.234
103.39.18.168|||||443|||||156.226.191.234
103.39.18.169|||||443|||||156.226.191.234
103.39.18.171|||||443|||||156.226.191.234
103.39.18.172|||||443|||||156.226.191.234
103.39.18.175|||||443|||||156.226.191.234
103.39.18.176|||||443|||||156.226.191.234
103.39.18.179|||||443|||||156.226.191.234
103.39.18.182|||||443|||||156.226.191.234
103.39.18.185|||||443|||||156.226.191.234
103.40.243.91|||||8000|||||103.40.243.91
103.45.120.215|||||443|||||103.45.120.215
103.45.120.215|||||8000|||||103.45.120.215
103.45.120.215|||||8443|||||103.45.120.215
103.45.128.174|||||80|||||103.45.128.174
103.45.180.150|||||443|||||103.45.180.150
103.45.180.150|||||6789|||||103.45.180.150
103.45.180.154|||||80|||||103.45.180.154
103.56.19.57|||||443|||||103.56.19.57
103.56.19.57|||||8080|||||103.56.19.57
103.73.97.119|||||443|||||103.73.97.119
103.9.78.105|||||80|||||103.9.78.105
103.96.151.147|||||443|||||103.96.151.147
104.149.168.199|||||443|||||104.149.168.199
104.168.159.36|||||443|||||104.168.159.36
104.194.10.58|||||443|||||peernew.com
104.198.151.234|||||443|||||104.198.151.234
104.211.27.49|||||443|||||ttpre.eastus.cloudapp.azure.com
104.225.157.176|||||80|||||104.225.157.176
104.225.239.196|||||8090|||||oa.srsec.me
104.225.239.196|||||88|||||oa.srsec.me
104.237.4.40|||||443|||||104.237.4.40
104.238.134.63|||||80|||||104.238.134.63
104.238.205.44|||||443|||||syscx.com
104.238.205.63|||||443|||||dealeva.com
104.238.205.63|||||80|||||104.238.205.63
104.243.33.7|||||443|||||goodroy.com
104.243.38.56|||||443|||||deltawrite.com
104.243.41.123|||||443|||||cuphq.com
104.243.46.74|||||443|||||104.243.46.74
104.247.196.106|||||443|||||104.247.196.106
104.248.245.41|||||443|||||159.89.109.225
104.41.130.190|||||443|||||104.41.130.190
106.12.126.43|||||8888|||||106.12.126.43
106.12.39.243|||||8443|||||106.12.39.243
106.12.45.140|||||8081|||||106.12.45.140
106.13.182.116|||||443|||||106.13.182.116
106.13.22.69|||||8443|||||aliyunoss-beijing.subns.xyz
106.14.0.74|||||443|||||106.14.0.74
106.14.94.149|||||443|||||106.14.94.149
106.15.248.163|||||443|||||106.15.248.163
106.15.248.163|||||445|||||106.15.248.163
106.2.13.25|||||4433|||||106.2.13.25
106.2.13.25|||||8899|||||106.2.13.25
106.52.152.85|||||443|||||106.52.152.85
106.52.220.44|||||8080|||||106.52.220.44
106.55.153.204|||||443|||||106.55.153.204
106.55.8.64|||||7777|||||106.55.8.64
106.75.175.254|||||8080|||||106.75.175.254
107.170.117.88|||||10443|||||107.170.117.88
107.182.186.246|||||5555|||||107.182.186.246
107.191.41.138|||||8080|||||107.191.41.138
108.160.129.191|||||80|||||yd.sougoucm.top
108.160.136.100|||||443|||||108.160.136.100
108.166.207.133|||||443|||||108.166.207.133
108.166.207.133|||||80|||||108.166.207.133
108.177.235.180|||||443|||||mail.safeyoke.com
108.177.235.22|||||443|||||108.177.235.22
108.61.160.9|||||443|||||108.61.160.9
108.61.162.186|||||443|||||update.msupdateserver6.com
108.61.186.172|||||80|||||update-online.zevenet.art
108.61.186.172|||||8080|||||update-online.zevenet.art
108.61.200.55|||||443|||||108.61.200.55
108.61.95.124|||||443|||||mail.igov-service.net
108.61.95.124|||||80|||||mail.igov-service.net
108.62.118.37|||||443|||||amajai-technologies.trade
109.201.142.110|||||443|||||forteupdate.com
109.201.142.110|||||80|||||forteupdate.com
109.231.194.189|||||443|||||109.231.194.189
110.34.180.32|||||80|||||110.34.180.32
111.229.163.55|||||443|||||hoo.wiki
111.230.144.40|||||8080|||||111.230.144.40
111.230.197.23|||||2086|||||httpc2.xo0.pw
111.230.212.89|||||80|||||111.230.212.89
112.74.33.227|||||80|||||112.74.33.227
112.74.33.227|||||81|||||112.74.33.227
112.74.33.227|||||82|||||112.74.33.227
113.31.112.170|||||443|||||113.31.112.170
113.31.118.7|||||443|||||113.31.118.7
114.116.33.191|||||8888|||||114.116.33.191
114.118.4.214|||||80|||||www.qiniu.com
114.118.5.108|||||443|||||114.118.5.108
114.118.5.108|||||80|||||111.231.74.70
114.118.5.118|||||88|||||114.118.5.118
114.215.81.31|||||80|||||114.215.81.31
114.67.110.37|||||443|||||welcome.toutiao.com
114.67.110.37|||||80|||||image91.360doc.com
114.67.110.37|||||8081|||||114.67.110.37
114.67.217.9|||||443|||||114.67.217.9
114.67.217.9|||||80|||||114.67.217.9
114.67.222.73|||||88|||||114.67.222.73
115.159.115.41|||||8888|||||115.159.115.41
115.71.237.123|||||3000|||||115.71.237.123
116.206.92.26|||||443|||||ns1.twittre.tk
116.206.92.26|||||81|||||ns4.twittre.tk
116.206.92.26|||||8443|||||ns1.ondriev.tk
116.62.151.88|||||666|||||116.62.151.88
116.62.47.216|||||7777|||||116.62.47.216
116.62.49.176|||||443|||||116.62.49.176
116.62.49.176|||||80|||||116.62.49.176
116.62.50.56|||||9009|||||116.62.50.56
116.63.151.30|||||88|||||116.63.151.30
116.85.35.123|||||80|||||116.85.35.123
116.85.43.88|||||888|||||192.168.20.29
117.50.25.104|||||8080|||||117.50.25.104
117.50.37.182|||||8880|||||360updata.ml
118.107.11.150|||||8899|||||103.138.12.53
118.107.41.104|||||443|||||118.107.41.104
118.107.41.40|||||443|||||118.107.41.40
118.126.100.187|||||443|||||118.126.100.187
118.190.90.200|||||123|||||118.190.90.200
118.24.104.59|||||80|||||118.24.104.59
118.24.108.239|||||8000|||||118.24.108.239
118.24.85.85|||||3306|||||118.24.85.85
119.23.184.235|||||7777|||||119.23.184.235
119.23.42.235|||||8880|||||119.23.42.235
119.23.42.235|||||8889|||||119.23.42.235
119.23.52.151|||||443|||||119.23.52.151
119.27.163.144|||||80|||||360.anonymou5.com
119.28.194.152|||||8089|||||awayfar.top
119.28.194.152|||||8090|||||server2.f2pool.vip
119.28.9.129|||||443|||||119.28.9.129
119.29.111.190|||||443|||||119.29.111.190
119.3.225.200|||||9090|||||119.3.225.200
119.45.191.253|||||8080|||||119.45.191.253
119.45.236.153|||||8443|||||119.45.236.153
119.45.5.195|||||443|||||119.45.5.195
119.8.42.35|||||443|||||update1.jscachecdn.com
120.131.5.115|||||8443|||||120.131.5.115
120.24.64.98|||||443|||||120.24.64.98
120.26.177.10|||||443|||||120.26.177.10
120.53.239.167|||||9443|||||120.53.239.167
120.78.211.151|||||10000|||||120.78.211.151
120.78.211.151|||||9000|||||ns1.mrknow.cn
120.79.38.19|||||443|||||120.79.38.19
121.196.177.46|||||80|||||121.196.177.46
121.199.19.101|||||8086|||||121.199.19.101
121.199.28.244|||||6002|||||121.199.28.244
121.199.44.154|||||6000|||||121.199.44.154
121.199.53.5|||||8080|||||121.199.53.5
121.36.131.196|||||60001|||||121.36.131.196
121.36.146.237|||||80|||||121.36.146.237
121.36.211.148|||||443|||||121.36.211.148
121.36.32.125|||||443|||||121.36.32.125
121.37.139.238|||||443|||||121.37.139.238
121.37.190.118|||||443|||||121.37.190.118
121.41.82.60|||||443|||||121.41.82.60
122.10.161.42|||||80|||||192.168.144.181
122.10.52.70|||||443|||||microsoft0com.cf
122.114.81.237|||||443|||||verify.jiasulecdn.com
122.114.81.237|||||80|||||122.114.81.237
122.51.166.184|||||8443|||||122.51.166.184
122.51.95.114|||||5555|||||39.96.77.139
122.9.131.69|||||80|||||122.9.131.69
122.9.66.103|||||443|||||122.9.66.103
123.207.181.131|||||80|||||123.207.181.131
123.56.111.14|||||8888|||||123.56.111.14
123.56.133.239|||||443|||||123.56.133.239
123.57.90.172|||||443|||||123.57.90.172
123.57.90.172|||||80|||||123.57.90.172
123.59.120.251|||||443|||||links.mhkbtwlkj.com
123.59.120.251|||||4433|||||123.59.120.251
124.70.1.140|||||8081|||||124.70.1.140
124.70.155.19|||||443|||||124.70.155.19
124.70.195.208|||||8090|||||192.168.80.142
124.71.155.107|||||80|||||124.71.155.107
124.71.155.107|||||81|||||124.71.155.107
124.71.185.95|||||443|||||124.71.185.95
124.71.185.95|||||80|||||124.71.185.95
124.89.119.90|||||55555|||||124.89.119.90
125.212.251.67|||||80|||||125.212.251.67
128.14.230.80|||||443|||||218.14.230.80
128.14.230.80|||||80|||||218.14.230.80
129.211.181.170|||||80|||||129.211.181.170
129.211.68.80|||||80|||||129.211.68.80
129.226.15.142|||||443|||||129.226.15.142
13.239.32.242|||||443|||||arsecops.smugmug.com
13.67.184.208|||||5000|||||13.67.184.208
13.76.216.122|||||443|||||13.76.216.122
13.91.4.128|||||443|||||deloitte-services.azureedge.net
132.232.50.251|||||80|||||132.232.50.251
132.232.88.248|||||443|||||x.ziper.xyz
134.175.15.58|||||80|||||134.175.15.58
134.175.222.50|||||443|||||134.175.222.50
134.209.179.29|||||80|||||test.equinix.dev
134.209.92.85|||||443|||||134.209.92.85
135.181.1.70|||||443|||||135.181.1.70
136.243.44.50|||||443|||||porr.company
137.117.212.72|||||80|||||fifaonline.co.za
137.220.32.11|||||80|||||137.220.32.11
137.59.16.168|||||443|||||137.59.16.168
137.59.16.53|||||80|||||137.59.16.53
139.155.2.101|||||443|||||139.155.2.101
139.155.2.101|||||80|||||104.27.185.91
139.155.2.101|||||8000|||||139.155.2.101
139.155.245.29|||||443|||||139.155.245.29
139.155.42.254|||||443|||||139.155.42.254
139.155.51.228|||||80|||||139.155.51.228
139.155.59.181|||||443|||||139.155.59.181
139.155.59.181|||||80|||||172.19.30.253
139.162.76.207|||||443|||||banweb.cityu.dev
139.162.76.207|||||80|||||banweb.cityu.dev
139.180.139.1|||||80|||||live.eyva93us.online
139.180.193.94|||||8080|||||139.180.193.94
139.180.198.152|||||443|||||139.180.198.152
139.180.199.171|||||443|||||www.bookstorexs.tk
139.180.202.44|||||80|||||139.180.202.44
139.180.203.104|||||443|||||microsoft.systemservices.network
139.180.203.104|||||80|||||microsoft.systemservices.network
139.196.21.224|||||8880|||||360updata.ml
139.196.37.219|||||4443|||||139.196.37.219
139.199.158.84|||||82|||||139.199.158.84
139.217.99.29|||||80|||||www.qiniu.com
139.59.1.154|||||443|||||139.59.1.154
139.59.1.154|||||80|||||139.59.1.154
139.60.162.19|||||443|||||139.60.162.19
139.60.162.19|||||80|||||139.60.162.19
139.99.112.103|||||80|||||lily.webpowernow.com
14.192.48.172|||||80|||||14.192.48.172
140.143.142.147|||||443|||||140.143.142.147
140.143.168.220|||||5000|||||140.143.168.220
140.82.19.26|||||8080|||||140.82.19.26
140.82.50.221|||||7443|||||140.82.50.221
141.164.35.117|||||443|||||coivo2xo.livehost.live
141.164.61.249|||||80|||||autotoll.net
141.164.61.249|||||8800|||||141.164.61.249
141.98.80.152|||||443|||||141.98.80.152
141.98.80.152|||||80|||||141.98.80.152
142.202.205.57|||||443|||||142.202.205.57
142.202.205.88|||||443|||||142.202.205.88
142.54.188.26|||||443|||||agturnfa.com
144.168.63.190|||||8082|||||144.168.63.190
144.202.113.237|||||80|||||144.202.113.237
144.217.207.19|||||443|||||144.217.207.19
144.217.207.21|||||443|||||52.188.209.63
144.217.207.21|||||4443|||||144.217.207.21
144.217.207.21|||||8081|||||144.217.207.21
144.217.207.21|||||8181|||||144.217.207.21
144.34.138.100|||||8086|||||144.34.138.100
144.34.175.58|||||80|||||144.34.175.58
144.34.186.152|||||8443|||||144.34.186.152
144.48.10.16|||||80|||||144.48.10.16
145.249.106.134|||||443|||||145.249.106.134
146.56.193.250|||||80|||||146.56.193.250
146.56.246.18|||||443|||||146.56.246.18
146.6.15.12|||||443|||||146.6.15.12
148.70.32.190|||||80|||||148.70.32.190
149.129.32.76|||||443|||||8.135.0.73
149.129.53.162|||||80|||||sit.watchdog3.com
149.129.63.219|||||443|||||149.129.63.219
149.129.63.219|||||80|||||149.129.63.219
149.28.204.170|||||443|||||us-system89.com
149.28.207.11|||||80|||||149.28.207.11
149.28.219.241|||||80|||||149.28.219.241
149.28.31.104|||||443|||||d37vvfpyclbf9b.cloudfront.net
149.28.31.104|||||80|||||d37vvfpyclbf9b.cloudfront.net
149.28.45.107|||||8888|||||149.28.45.107
149.28.71.107|||||80|||||149.28.71.107
149.28.95.180|||||443|||||149.28.95.180
150.109.4.202|||||8181|||||150.109.4.202
150.136.163.159|||||444|||||150.136.163.159
151.106.56.187|||||443|||||151.106.56.187
151.106.56.187|||||8080|||||151.106.56.187
152.32.252.190|||||443|||||152.32.252.190
152.32.252.47|||||80|||||152.32.252.47
152.32.252.47|||||8080|||||152.32.252.47
153.92.127.203|||||443|||||io.amscloud.xyz
153.92.127.203|||||80|||||d1iz6lkxr9mblm.cloudfront.net
153.92.127.204|||||443|||||io.amscloud.xyz
153.92.127.204|||||80|||||d1iz6lkxr9mblm.cloudfront.net
153.92.127.208|||||443|||||io.amscloud.xyz
153.92.127.208|||||80|||||d1iz6lkxr9mblm.cloudfront.net
153.92.127.212|||||443|||||io.amscloud.xyz
153.92.127.212|||||80|||||d1iz6lkxr9mblm.cloudfront.net
154.201.215.15|||||443|||||45.10.210.242
154.209.67.40|||||443|||||154.209.67.40
154.209.80.30|||||80|||||api.vinavass.net
154.209.86.57|||||10443|||||154.209.86.57
154.209.86.57|||||8080|||||154.209.86.57
154.221.28.190|||||8080|||||154.221.28.190
155.138.230.65|||||443|||||155.138.230.65
155.138.245.98|||||443|||||155.138.245.98
155.94.135.156|||||8080|||||204.44.85.4
155.94.143.110|||||7001|||||
155.94.146.115|||||80|||||155.94.146.115
156.226.191.234|||||443|||||156.226.191.234
156.226.191.235|||||443|||||156.226.191.234
156.234.168.104|||||8888|||||156.234.168.104
156.251.174.109|||||4443|||||156.251.174.109
157.230.176.13|||||80|||||www.digitallightphotography.net
157.245.138.24|||||443|||||cloud.symantecupdates.info
157.245.251.62|||||443|||||www.msft-cdn.net
157.245.40.219|||||443|||||shl.netsuite-labs.com
158.247.192.252|||||8080|||||158.247.192.252
158.247.204.245|||||443|||||158.247.204.245
158.247.204.245|||||80|||||158.247.204.245
158.247.208.77|||||80|||||ims.trust-update.com
158.247.211.216|||||8080|||||158.247.211.216
158.69.30.202|||||443|||||158.69.30.202
159.138.58.45|||||443|||||159.138.58.45
159.65.115.160|||||443|||||159.65.115.160
159.65.229.6|||||443|||||159.65.229.6
159.69.156.245|||||80|||||159.69.156.245
159.69.211.104|||||8080|||||159.69.211.104
160.124.49.133|||||443|||||160.124.49.133
160.124.49.133|||||7777|||||160.124.49.133
160.124.49.205|||||7777|||||160.124.49.205
160.16.208.58|||||8443|||||icandraft.com
160.20.147.55|||||443|||||dangky.dinefilly.com
161.129.39.103|||||8888|||||161.129.39.103
161.35.218.255|||||443|||||161.35.218.255
161.35.51.98|||||443|||||mscrl.microsoft.com
161.35.6.3|||||443|||||161.35.6.3
162.241.65.121|||||443|||||162.241.65.121
162.254.204.222|||||8443|||||microstamplet.me
163.172.39.102|||||443|||||163.172.39.102
165.22.37.148|||||80|||||update03.microsoft-essentials.com
165.227.199.214|||||443|||||165.227.199.214
165.227.199.214|||||80|||||165.227.199.214
165.227.85.160|||||443|||||165.227.85.160
167.179.66.246|||||443|||||a93.xyz
167.179.66.246|||||8081|||||167.179.66.246
167.179.70.207|||||8090|||||167.179.70.207
167.179.75.10|||||80|||||167.179.75.10
167.179.78.159|||||443|||||167.179.78.159
167.179.78.159|||||8443|||||cs.gfjhgfjkj.tk
167.179.91.182|||||443|||||167.179.91.182
167.179.95.134|||||80|||||167.179.95.134
167.179.97.154|||||88|||||167.179.97.154
167.179.98.232|||||80|||||studentedu.hk.appledaily.live
167.179.99.251|||||80|||||167.179.99.251
167.88.125.73|||||443|||||167.88.125.73
167.99.197.196|||||443|||||myredirector1.live
168.119.0.88|||||443|||||168.119.0.88
168.119.54.217|||||80|||||168.119.54.217
168.119.82.216|||||443|||||168.119.82.216
168.119.82.216|||||80|||||168.119.82.216
168.235.86.183|||||443|||||update.pinyin.pw
172.105.118.92|||||443|||||game.soultravel.online
172.105.237.117|||||443|||||172.105.237.117
172.105.33.101|||||443|||||fswyer.com
172.105.6.229|||||443|||||msg.sheblueshadow.com
172.241.27.44|||||443|||||amatai-technologies.site
172.241.29.153|||||443|||||172.241.29.153
172.241.29.155|||||443|||||amamai-tecnologies.space
172.241.29.156|||||443|||||amamai-tecnologies.digital
172.245.153.150|||||443|||||172.245.153.150
172.247.123.118|||||9080|||||172.247.123.118
172.247.164.40|||||443|||||172.247.164.40
172.81.205.217|||||443|||||172.81.205.217
172.81.205.217|||||81|||||47.110.83.12
172.86.75.37|||||4443|||||172.86.75.37
172.93.107.2|||||443|||||keyisa.com
172.93.97.66|||||443|||||stephq.com
173.208.194.90|||||443|||||hotshoppingdeal.website
173.234.155.145|||||80|||||173.234.155.145
173.234.155.184|||||443|||||dealeva.com
173.234.155.54|||||443|||||img.intactlinks.com
173.234.25.74|||||443|||||45.170.251.101
173.234.25.74|||||80|||||173.234.25.74
173.234.25.75|||||443|||||206.54.190.220
173.234.25.75|||||443|||||45.170.251.101
173.234.25.76|||||443|||||103.70.137.129
173.234.25.76|||||443|||||45.170.251.101
173.234.25.76|||||8080|||||206.54.190.220
173.234.25.77|||||443|||||206.54.190.220
173.234.25.77|||||443|||||45.170.251.101
173.234.25.77|||||80|||||173.234.25.74
173.234.25.78|||||443|||||45.170.251.101
173.249.46.201|||||80|||||173.249.46.201
175.24.113.235|||||80|||||175.24.113.235
175.24.125.242|||||80|||||175.24.125.242
175.24.246.200|||||8080|||||175.24.246.200
175.24.62.158|||||80|||||175.24.62.158
175.24.68.66|||||443|||||175.24.68.66
175.24.81.217|||||2082|||||service.microsoft-us.ga
175.24.81.217|||||8080|||||cs.cross-fire.cf
175.99.82.225|||||80|||||175.99.82.225
176.121.14.140|||||80|||||176.121.14.140
176.121.14.140|||||8080|||||194.76.227.16
176.121.14.175|||||80|||||176.121.14.175
176.121.14.229|||||443|||||176.121.14.229
176.121.14.229|||||80|||||176.121.14.229
176.121.14.234|||||80|||||176.121.14.234
176.121.14.249|||||443|||||176.121.14.249
176.121.14.249|||||80|||||176.121.14.249
176.121.14.251|||||443|||||176.121.14.251
176.123.2.216|||||80|||||176.123.2.216
176.123.8.191|||||443|||||agturnfa.com
176.123.8.228|||||443|||||176.123.8.228
176.123.8.228|||||8000|||||176.123.8.228
176.31.193.20|||||80|||||176.31.193.20
178.128.21.16|||||8080|||||178.128.21.16
178.162.132.136|||||80|||||185.99.133.180
178.62.7.35|||||9090|||||178.62.7.35
178.63.149.76|||||80|||||178.63.149.76
178.79.134.144|||||443|||||tcpsessionsconnect.com
178.79.134.144|||||4443|||||tcpsessionsconnect.com
178.79.134.144|||||80|||||178.79.134.144
18.140.5.214|||||443|||||b2.crazyshoppings.com
18.156.117.102|||||443|||||cob.vesselsregister.com
18.159.248.62|||||443|||||blog.tresorit.com
18.163.120.26|||||443|||||18.163.120.26
18.163.124.204|||||443|||||www.githongkong.com
18.166.59.130|||||80|||||rto.redteam.cafe
18.166.76.239|||||8080|||||18.166.76.239
18.180.199.201|||||443|||||52.192.37.241
18.180.45.136|||||443|||||18.180.45.136
18.181.239.157|||||443|||||18.181.239.157
18.194.243.98|||||443|||||cob.vesselsregister.com
18.195.56.138|||||80|||||18.195.56.138
18.203.47.161|||||443|||||fin.manvifinance.com
18.203.47.161|||||80|||||cehclient-canary.teams.microsoft.com
18.212.159.80|||||443|||||d2mq9y2bddy4j9.cloudfront.net
18.216.51.155|||||443|||||www.google.com
18.217.54.127|||||443|||||3.21.164.42
18.223.155.112|||||443|||||18.223.155.112
18.224.234.85|||||80|||||18.224.234.85
18.224.54.101|||||8080|||||18.224.54.101
182.163.74.90|||||8081|||||hypnolab.site
182.254.180.180|||||81|||||182.254.180.180
182.254.180.180|||||8888|||||182.254.180.180
182.254.202.89|||||8090|||||182.254.202.89
182.92.103.213|||||4443|||||182.92.103.213
182.92.120.156|||||443|||||182.92.120.156
182.92.122.148|||||443|||||182.92.122.148
182.92.169.148|||||8888|||||182.92.169.148
182.92.65.134|||||80|||||182.92.65.134
182.92.65.134|||||88|||||182.92.65.134
185.106.96.74|||||80|||||cdn.baiduanalyst.xyz
185.141.25.143|||||443|||||slit.conseques.com
185.144.100.29|||||443|||||185.144.100.29
185.150.117.50|||||443|||||185.150.117.50
185.150.117.50|||||80|||||185.150.117.50
185.153.196.130|||||443|||||185.153.196.130
185.153.196.130|||||80|||||185.153.196.130
185.153.196.207|||||80|||||185.153.196.207
185.153.198.121|||||443|||||185.153.198.121
185.153.199.161|||||80|||||185.153.199.161
185.153.199.162|||||80|||||185.153.199.162
185.153.199.165|||||80|||||185.153.199.165
185.156.172.13|||||443|||||185.156.172.13
185.156.172.56|||||443|||||185.156.172.56
185.158.249.12|||||443|||||185.158.249.12
185.158.249.12|||||80|||||185.158.249.12
185.161.208.234|||||443|||||fc.cyber1ink.com
185.162.235.101|||||80|||||185.162.235.101
185.162.235.111|||||443|||||185.162.235.111
185.162.235.111|||||80|||||185.162.235.111
185.162.235.143|||||443|||||homify.pl
185.162.235.233|||||80|||||185.162.235.233
185.162.235.35|||||443|||||185.162.235.35
185.162.235.35|||||80|||||185.162.235.35
185.162.235.61|||||443|||||185.162.235.61
185.162.235.61|||||80|||||185.162.235.61
185.162.235.61|||||80|||||klapp.cpuclean.com
185.170.210.31|||||443|||||185.170.210.31
185.174.100.53|||||80|||||watson.telemetry.microsoft.com.ansatc.net
185.174.102.42|||||443|||||who.selfip.org 
185.178.47.226|||||443|||||185.178.47.226
185.181.102.197|||||443|||||login.fastlinein.com
185.182.193.201|||||443|||||185.182.193.201
185.184.223.173|||||443|||||mycloudup.com
185.189.151.92|||||443|||||185.189.151.92
185.189.151.92|||||80|||||185.189.151.92
185.189.183.175|||||80|||||10.10.107.2
185.191.32.171|||||80|||||185.191.32.171
185.191.32.172|||||443|||||185.191.32.172
185.191.32.172|||||80|||||185.191.32.172
185.202.0.111|||||80|||||185.202.0.111
185.207.152.86|||||443|||||185.207.152.86
185.212.47.171|||||443|||||skyler.shacknet.biz
185.215.84.60|||||443|||||s03mdn.net
185.225.19.125|||||443|||||nguyenlieu.gratekey.com
185.227.82.66|||||443|||||185.227.82.66
185.227.82.66|||||8080|||||185.227.82.66
185.232.52.137|||||443|||||185.232.52.137
185.232.52.137|||||80|||||185.232.52.137
185.232.52.143|||||443|||||185.232.52.143
185.232.52.143|||||80|||||185.232.52.143
185.236.201.102|||||443|||||185.236.201.102
185.236.231.187|||||80|||||185.99.133.180
185.243.41.224|||||8443|||||185.243.41.224
185.243.41.224|||||8888|||||185.243.41.224
185.244.149.152|||||443|||||yambanetsdev.net
185.244.150.151|||||443|||||185.244.150.151
185.244.150.177|||||80|||||yambanetsdev.org
185.246.130.118|||||443|||||185.246.130.118
185.25.51.35|||||443|||||hotshoppingdeal.website
185.29.8.143|||||80|||||185.29.8.143
185.52.3.205|||||443|||||185.52.3.205
185.52.3.205|||||8080|||||185.52.3.205
185.81.114.123|||||443|||||web.kidork.net
185.82.126.47|||||443|||||185.82.126.47
185.82.126.47|||||80|||||185.82.126.47
188.119.113.24|||||443|||||188.119.113.24
191.252.113.123|||||443|||||ssl.securelogonweb.com
192.119.110.81|||||443|||||192.119.111.117
192.119.110.81|||||80|||||192.119.111.117
192.119.111.117|||||443|||||192.119.111.117
192.119.111.117|||||80|||||192.119.111.117
192.119.111.155|||||443|||||192.119.111.117
192.119.111.155|||||80|||||192.119.111.117
192.144.157.29|||||8081|||||192.144.157.29
192.144.157.29|||||8089|||||192.144.157.29
192.144.234.207|||||443|||||192.144.234.207
192.144.234.207|||||80|||||192.144.234.207
192.184.90.209|||||7001|||||b1.ineedrevs.com
192.184.90.209|||||8080|||||b1.ineedrevs.com
192.198.84.62|||||443|||||cordby.com
192.210.231.121|||||80|||||code.jquerys.xyz
192.236.232.228|||||443|||||192.236.232.228
192.236.232.228|||||80|||||192.236.232.228
192.236.232.228|||||8888|||||192.236.232.228
192.236.248.176|||||443|||||amapai-technologies.digital
192.255.235.221|||||8083|||||192.255.235.221
192.255.235.221|||||88|||||192.255.235.221
192.51.188.133|||||443|||||192.51.188.133
192.51.188.133|||||80|||||192.51.188.133
192.51.188.134|||||8089|||||10.150.50.1
192.51.188.134|||||8443|||||172.20.6.163
192.51.188.134|||||9443|||||192.51.188.134
192.52.167.171|||||443|||||deltawrite.com
193.112.10.125|||||443|||||193.112.10.125
193.168.147.249|||||443|||||mesteratosr.me
193.187.116.137|||||8899|||||103.138.12.53
193.187.118.232|||||443|||||193.187.118.232
193.187.118.235|||||443|||||193.187.118.232
193.218.39.208|||||443|||||193.218.39.208
193.218.39.208|||||8081|||||193.218.39.208
193.29.15.177|||||8443|||||193.29.15.177
193.34.166.124|||||443|||||ntservicespack.com
193.34.166.169|||||443|||||ntwindowsupdate.com
193.34.166.207|||||443|||||timesyncad.com
193.34.166.207|||||80|||||timesyncad.com
193.34.166.73|||||443|||||servupdates.com
193.34.166.73|||||80|||||servupdates.com
193.34.166.89|||||443|||||193.34.166.89
193.34.167.200|||||443|||||inteldrivers.com
193.34.167.200|||||80|||||inteldrivers.com
193.34.167.80|||||443|||||wustatwindows.com
193.9.114.11|||||443|||||193.9.114.11
194.156.228.12|||||8443|||||amazon.aliyuncs.cc
194.36.191.118|||||443|||||194.36.191.118
194.5.249.55|||||80|||||194.5.249.55
195.123.217.7|||||443|||||195.123.217.7
195.123.217.7|||||80|||||195.123.217.7
195.123.233.50|||||443|||||marcusswooster.com
195.123.233.50|||||80|||||195.123.233.50
195.123.239.142|||||443|||||195.123.239.142
195.30.132.195|||||443|||||d1hp3kzjl3pr7y.cloudfront.net
195.54.167.89|||||2000|||||195.54.167.89
195.54.167.89|||||3000|||||195.54.167.89
195.54.167.89|||||4000|||||195.54.167.89
195.54.167.89|||||5000|||||195.54.167.89
198.13.55.13|||||443|||||198.13.55.13
198.13.62.239|||||8443|||||198.13.62.239
198.23.229.132|||||8081|||||198.23.229.132
198.24.166.222|||||8080|||||198.24.166.222
198.44.97.179|||||443|||||198.44.97.180
198.44.97.179|||||80|||||198.44.97.180
198.44.97.181|||||443|||||198.44.97.180
198.44.97.181|||||80|||||198.44.97.180
199.195.251.56|||||8443|||||199.195.251.56
199.217.117.184|||||443|||||199.217.117.184
199.217.117.184|||||444|||||199.217.117.184
20.55.102.197|||||443|||||128.226.24.22
20.55.102.197|||||8443|||||20.55.102.197
202.182.101.162|||||443|||||202.182.101.162
202.182.105.129|||||5000|||||202.182.105.129
202.182.96.238|||||443|||||coivotek.livehost.live
202.182.96.238|||||80|||||coivotek.livehost.live
204.16.247.41|||||443|||||syscx.com
204.16.247.48|||||443|||||goodroy.com
204.16.247.65|||||443|||||peernew.com
204.16.247.89|||||443|||||204.16.247.89
204.44.83.89|||||4443|||||204.44.83.89
205.185.120.101|||||444|||||205.185.120.101
205.210.107.159|||||8080|||||205.210.107.159
206.166.251.75|||||443|||||206.166.251.75
206.189.223.152|||||443|||||206.189.223.152
206.189.42.30|||||9001|||||206.189.42.30
207.148.104.252|||||8080|||||207.148.104.252
207.148.109.46|||||8500|||||207.148.109.46
207.148.112.223|||||443|||||www.badc2.ml
207.148.65.247|||||443|||||207.148.65.247
207.148.92.158|||||8080|||||207.148.92.158
207.148.92.158|||||8081|||||207.148.92.158
207.219.199.120|||||443|||||s3app.eastus.cloudapp.azure.com
207.219.199.120|||||80|||||s3app.eastus.cloudapp.azure.com
209.126.119.186|||||53|||||209.126.119.186
209.126.119.186|||||80|||||209.126.119.186
211.149.143.218|||||443|||||211.149.143.218
211.149.143.218|||||8000|||||211.149.143.218
211.149.169.155|||||443|||||211.149.169.155
211.159.158.117|||||80|||||211.159.158.117
211.159.163.247|||||80|||||211.159.163.247
211.49.225.208|||||443|||||211.49.225.208
212.114.52.253|||||443|||||static.azureimgages.com
212.129.150.253|||||1521|||||212.129.150.253
212.129.150.253|||||443|||||212.129.150.253
212.64.65.50|||||8888|||||212.64.65.50
212.8.251.13|||||443|||||https://yuri.teaches-yoga.com
212.95.150.10|||||443|||||hello.fitcomn.com
212.95.150.10|||||80|||||hello.fitcomn.com
213.217.0.216|||||443|||||213.217.0.216
213.217.0.216|||||80|||||213.217.0.216
213.227.154.102|||||443|||||try.fillytable.com
213.227.154.122|||||443|||||hr.vietnamworks.org
213.252.247.202|||||443|||||a.dnspod.com
216.127.177.133|||||8888|||||216.127.177.133
216.198.66.132|||||443|||||confederational.com
216.24.188.130|||||9443|||||ffxrqyzbypyxrlfzhx.jnuer.me
216.240.134.70|||||443|||||update.iguyi.co
216.250.111.90|||||8081|||||216.250.111.90
217.12.201.102|||||8080|||||reboderia.online
217.61.61.60|||||443|||||217.61.61.60
217.71.226.250|||||80|||||217.71.226.250
217.8.117.13|||||443|||||217.8.117.13
217.8.117.13|||||8080|||||217.8.117.13
218.253.251.102|||||443|||||218.253.251.102
218.253.251.118|||||8443|||||218.253.251.118
218.253.251.74|||||443|||||218.253.251.74
218.253.251.74|||||80|||||218.253.251.74
218.253.251.90|||||443|||||218.253.251.90
218.253.251.90|||||80|||||218.253.251.90
218.253.251.90|||||8001|||||218.253.251.90
23.101.204.40|||||443|||||23.101.204.40
23.106.121.21|||||80|||||dns.spc-networks.com
23.106.122.246|||||443|||||apiservice.webhop.net
23.106.122.69|||||80|||||leno.initiativeus.com
23.106.124.136|||||443|||||blog.chat5l88.com
23.106.124.44|||||443|||||sync.googlesyncdication.com
23.106.124.95|||||443|||||img.e37998.com
23.106.160.137|||||80|||||amajai-technologies.work
23.106.160.138|||||443|||||amajai-technologies.world
23.106.160.138|||||80|||||amajai-technologies.world
23.106.160.191|||||443|||||23.106.160.191
23.106.160.229|||||443|||||23.106.160.229
23.106.215.179|||||80|||||pnt.data-akamai.com
23.106.215.199|||||443|||||stephq.com
23.106.215.40|||||443|||||cuphq.com
23.106.223.79|||||8080|||||23.106.223.79
23.106.223.82|||||80|||||23.106.223.82
23.106.223.85|||||80|||||23.106.223.85
23.108.57.27|||||443|||||104.243.46.74
23.19.58.239|||||443|||||whoisdm.gotdns.com
23.224.41.132|||||80|||||23.224.41.132
23.227.194.35|||||80|||||23.227.194.35
23.227.194.51|||||80|||||23.227.194.51
23.235.147.35|||||443|||||update.checkavail.space
23.235.147.35|||||80|||||update.checkavail.space
23.251.149.193|||||443|||||agreementices121.roman-indigo.com
23.81.246.46|||||443|||||contmetric.com
23.81.246.74|||||443|||||keyisa.com
23.81.246.89|||||443|||||amapai-technologies.space
23.83.133.240|||||443|||||amapai-technologies.site
23.83.133.240|||||80|||||amapai-technologies.site
27.102.115.108|||||443|||||27.102.115.108
27.102.118.75|||||443|||||27.102.118.75
27.102.118.75|||||80|||||27.102.118.75
27.102.130.117|||||443|||||hk.fcalebook.com
27.124.39.120|||||80|||||27.124.39.120
3.112.35.250|||||80|||||cs201020.vi-05.com
3.123.232.187|||||443|||||cob.vesselsregister.com
3.133.100.221|||||443|||||3.133.100.221
3.133.160.202|||||443|||||scripts.completelyinnocuousdomain.com
3.135.189.104|||||443|||||raymondjames.hostedconnectedrisk.com:
3.135.189.104|||||80|||||cdn1.agency.thomsonreuters.com
3.137.139.119|||||443|||||service.office247.tech
3.137.206.229|||||443|||||3.133.100.221
3.137.217.140|||||443|||||3.137.217.140
3.16.1.87|||||443|||||3.16.1.87
3.17.176.47|||||443|||||scripts.arshmedicalfoundation.com
3.17.79.55|||||80|||||3.17.79.55
3.19.228.203|||||80|||||3.19.228.203
3.236.230.152|||||443|||||www.pepsicoamerica.com
3.249.204.253|||||80|||||cehclient-canary.teams.microsoft.com
3.250.193.216|||||443|||||ehrclient-canary.teams.microsoft.com
3.86.2.34|||||443|||||roofstock-cdn5.azureedge.net
31.14.40.143|||||443|||||31.14.40.143
31.14.40.143|||||80|||||31.14.40.143
31.14.40.230|||||4443|||||31.14.40.230
31.14.40.230|||||80|||||31.14.40.230
31.14.40.230|||||8080|||||31.14.40.230
31.14.40.230|||||8090|||||31.14.40.230
31.220.40.8|||||80|||||fuck.dogshitio.com
31.220.40.8|||||8080|||||www.englishhelpernet.com
31.44.184.165|||||443|||||31.44.184.165
31.44.184.174|||||80|||||31.44.184.174
31.44.184.181|||||443|||||31.44.184.181
31.44.184.181|||||80|||||31.44.184.181
31.44.184.56|||||80|||||31.44.184.56
34.121.227.112|||||80|||||34.121.227.112
34.121.230.223|||||443|||||about.inno-finance.com
34.201.140.145|||||443|||||34.201.140.145
34.211.110.219|||||443|||||nelnetbanks.com
34.212.57.1|||||443|||||ec2-34-212-57-1.us-west-2.compute.amazonaws.com
34.212.57.1|||||80|||||34.212.57.1
34.217.55.137|||||80|||||34.217.55.137
34.222.203.112|||||443|||||creditnetfinance.com
34.226.147.47|||||443|||||www.joycomm.com
34.71.149.172|||||443|||||www.bankrate.com
34.72.161.61|||||443|||||34.72.161.61
34.80.10.27|||||443|||||34.80.10.27
34.80.154.214|||||18080|||||34.80.154.214
34.80.154.214|||||8443|||||34.80.154.214
34.80.203.249|||||8443|||||system.administrator.party
34.80.203.249|||||8880|||||system.administrator.party
34.87.155.95|||||443|||||34.87.155.95
34.92.57.181|||||8899|||||34.92.57.181
34.92.61.61|||||443|||||34.92.61.61
34.92.61.61|||||80|||||35.221.158.178
34.92.81.162|||||443|||||34.92.81.162
34.95.52.211|||||80|||||34.95.52.211
34.96.129.77|||||8066|||||34.96.129.77
34.96.157.246|||||443|||||34.96.157.246
34.96.157.246|||||8081|||||cs.l10.pw
34.97.55.204|||||8080|||||34.97.55.204
35.158.226.16|||||443|||||rijkzijn.nl
35.158.226.16|||||80|||||rijkzijn.nl
35.193.193.149|||||443|||||35.193.193.149
35.201.232.191|||||9001|||||35.201.232.191
35.201.232.191|||||9002|||||35.201.232.191
35.220.144.193|||||80|||||35.220.144.193
35.220.144.193|||||8443|||||35.220.144.193
35.220.251.97|||||443|||||csxeiaweuao781cs.cf
35.221.158.178|||||443|||||34.92.118.176
35.224.238.142|||||443|||||valvestrailer696.roman-indigo.com
35.225.244.45|||||443|||||35.225.244.45
35.241.125.159|||||80|||||update.microsoftcenter.info
35.241.125.159|||||81|||||35.241.125.159
35.241.143.134|||||443|||||control.commanderinthe.cloud
35.241.143.134|||||80|||||control.commanderinthe.cloud
35.241.66.244|||||8443|||||updata.flash-tool.ml
35.241.72.252|||||443|||||cgbackup.napaioki.com
37.1.212.29|||||80|||||37.1.212.29
37.59.109.58|||||80|||||cla.fronthot.com
39.100.147.159|||||8080|||||39.100.147.159
39.100.224.129|||||8888|||||39.100.224.129
39.101.136.149|||||443|||||39.101.136.149
39.101.199.31|||||80|||||39.101.199.31
39.102.52.75|||||81|||||39.102.52.75
39.105.55.133|||||8443|||||39.105.55.133
39.105.9.1|||||9090|||||39.105.9.1
39.106.10.161|||||443|||||39.106.10.161
39.106.10.161|||||8080|||||static.alicdn.network
39.106.10.161|||||8090|||||39.106.10.161
39.106.10.161|||||81|||||image.bj.alicdn.network
39.106.10.161|||||82|||||image.bj.alicdn.network
39.106.10.161|||||8443|||||static.alicdn.network
39.106.55.245|||||80|||||39.106.55.245
39.107.139.133|||||8090|||||39.107.139.133
39.107.246.25|||||443|||||39.107.246.25
39.107.35.145|||||9000|||||39.107.35.145
39.107.61.166|||||8888|||||39.107.61.166
39.107.99.0|||||50000|||||39.107.99.0
39.108.159.100|||||443|||||39.108.159.100
39.108.159.100|||||8080|||||39.108.159.100
39.108.229.236|||||443|||||39.108.229.236
39.96.1.24|||||83|||||39.96.1.24
39.96.16.212|||||7777|||||39.96.16.212
39.96.18.240|||||8443|||||39.96.18.240
39.97.118.2|||||8080|||||39.97.118.2
39.97.213.91|||||80|||||39.97.213.91
39.97.243.151|||||8080|||||39.97.243.151
39.98.84.58|||||443|||||www.microport.com.cn
39.98.84.58|||||80|||||www.microport.com.cn
39.99.177.172|||||8888|||||39.99.177.172
39.99.60.123|||||443|||||39.99.60.123
40.117.40.46|||||443|||||wmjdvuif.limyonly.me
40.73.0.94|||||80|||||www.qiniu.com
40.87.104.253|||||80|||||18.218.241.135
41.216.186.120|||||443|||||41.216.186.120
42.192.119.64|||||443|||||42.192.119.64
42.192.145.124|||||443|||||42.192.145.124
42.192.145.157|||||443|||||42.192.145.157
42.192.206.174|||||80|||||42.192.206.174
42.194.148.235|||||80|||||42.194.148.235
42.194.198.77|||||8090|||||42.194.198.77
42.194.198.77|||||81|||||42.194.198.77
43.225.30.90|||||443|||||43.225.30.90
43.226.155.81|||||443|||||43.226.155.81
43.226.26.242|||||443|||||43.226.26.242
43.239.158.224|||||443|||||43.239.158.224
43.240.15.68|||||443|||||5.180.99.65
43.242.200.23|||||443|||||43.242.200.23
43.242.201.222|||||443|||||43.242.201.222
43.242.201.222|||||8443|||||43.242.201.222
43.246.208.46|||||443|||||45.133.119.141
43.246.208.46|||||80|||||43.246.208.46
43.255.30.192|||||443|||||43.255.30.192
44.231.58.231|||||443|||||dist.nuget.org
45.11.180.250|||||443|||||45.11.180.250
45.124.64.53|||||8001|||||45.124.64.53
45.129.33.60|||||80|||||45.129.33.60
45.131.25.37|||||8080|||||45.131.25.37
45.133.119.141|||||443|||||45.133.119.141
45.133.239.206|||||8443|||||45.133.239.206
45.134.169.75|||||443|||||www.hw8.info
45.135.135.132|||||81|||||45.135.135.132
45.136.244.149|||||443|||||45.136.244.149
45.136.244.149|||||8443|||||45.136.244.149
45.137.10.127|||||443|||||45.137.10.127
45.138.209.23|||||8080|||||45.138.209.23
45.138.209.73|||||80|||||45.138.209.73
45.141.119.184|||||80|||||qq.cattom.buzz
45.141.136.146|||||80|||||45.141.136.146
45.141.136.26|||||8080|||||45.141.136.26
45.141.84.212|||||80|||||45.141.84.212
45.141.84.32|||||443|||||45.141.84.32
45.141.84.32|||||80|||||45.141.84.32
45.141.84.34|||||80|||||45.141.84.34
45.146.165.140|||||443|||||45.146.165.140
45.146.165.140|||||80|||||45.146.165.140
45.146.165.141|||||80|||||45.146.165.141
45.146.165.141|||||81|||||45.146.165.141
45.146.165.142|||||80|||||45.146.165.142
45.147.229.199|||||443|||||45.147.229.199
45.147.229.199|||||8080|||||45.147.229.199
45.147.229.59|||||80|||||45.147.229.59
45.147.230.0|||||443|||||amajai-technologies.online
45.147.230.0|||||80|||||amajai-technologies.online
45.147.230.0|||||8080|||||amajai-technologies.online
45.147.231.51|||||443|||||amajai-technologies.site
45.147.231.51|||||80|||||amajai-technologies.site
45.147.231.51|||||8080|||||amajai-technologies.site
45.149.16.218|||||443|||||45.149.16.218
45.153.241.16|||||80|||||45.153.241.16
45.153.243.215|||||443|||||amajai-technologies.support
45.158.23.149|||||443|||||pro.pro-pay.xyz
45.195.158.36|||||443|||||45.195.158.36
45.195.158.36|||||80|||||45.195.158.36
45.195.158.39|||||443|||||45.195.158.39
45.199.113.43|||||443|||||45.199.113.43
45.207.49.205|||||443|||||45.207.49.205
45.248.85.20|||||8081|||||45.248.85.20
45.249.244.118|||||8080|||||45.249.244.118
45.249.244.12|||||443|||||soft.lityun.com
45.32.107.171|||||8089|||||awayfar.top
45.32.116.138|||||443|||||45.32.116.138
45.32.116.138|||||8080|||||www.outlook.best
45.32.129.110|||||443|||||45.32.129.110
45.32.199.204|||||443|||||45.32.199.204
45.32.51.20|||||81|||||45.32.51.20
45.56.114.38|||||80|||||45.56.114.38
45.61.136.65|||||443|||||3.236.83.215
45.61.136.65|||||80|||||45.79.72.33
45.61.139.240|||||443|||||brusses.com
45.63.15.251|||||8443|||||45.63.15.251
45.63.58.134|||||80|||||45.63.58.134
45.64.186.249|||||443|||||45.64.186.249
45.76.106.49|||||443|||||xxx.vhvh.pw
45.76.158.91|||||443|||||45.76.158.91
45.76.183.78|||||5555|||||45.76.183.78
45.76.208.113|||||80|||||45.76.208.113
45.76.208.172|||||82|||||45.76.208.172
45.76.210.100|||||443|||||microsofts.network
45.76.210.100|||||80|||||microsofts.network
45.76.247.184|||||80|||||45.76.247.184
45.76.25.185|||||443|||||45.76.25.185
45.76.48.40|||||8090|||||45.76.48.40
45.76.78.72|||||443|||||xx1.utopis.best
45.76.78.72|||||80|||||45.76.180.167:8080
45.76.78.72|||||80|||||fly.forkbty.xyz:8080
45.77.174.46|||||9000|||||45.77.174.46
45.77.174.46|||||9001|||||en.flsah.cc
45.77.23.209|||||8080|||||45.77.23.209
45.77.253.233|||||443|||||update.dockerlabsserver.com
45.77.33.50|||||80|||||www.shopwqd.cf
45.82.153.182|||||80|||||45.82.153.182
45.82.153.182|||||82|||||45.82.153.182
45.83.237.34|||||7777|||||45.83.237.34
45.90.57.156|||||443|||||siliconpower2020.best
46.148.26.246|||||443|||||199.217.117.184
46.166.128.234|||||443|||||46.166.128.234
46.166.128.234|||||80|||||46.166.128.234
46.166.129.182|||||443|||||46.166.129.169
46.166.162.165|||||80|||||46.166.162.165
46.166.173.24|||||443|||||46.166.173.24
46.30.189.89|||||443|||||top.jimwilkens.com
46.8.198.204|||||443|||||46.8.198.204
46.8.198.206|||||443|||||46.8.198.206
47.100.192.221|||||5555|||||47.100.192.221
47.100.211.202|||||5555|||||47.100.211.202
47.100.91.208|||||81|||||47.100.91.208
47.100.92.47|||||443|||||47.100.92.47
47.101.11.214|||||8888|||||47.101.11.214
47.101.147.201|||||8080|||||47.101.147.201
47.101.36.165|||||7700|||||47.101.36.165
47.101.43.224|||||443|||||47.101.43.224
47.102.214.235|||||8001|||||47.102.214.235
47.102.217.201|||||8000|||||47.102.217.201
47.103.150.221|||||10443|||||47.103.150.221
47.104.108.112|||||80|||||47.104.108.112
47.104.108.112|||||8080|||||47.104.108.112
47.104.11.169|||||443|||||47.104.11.169
47.104.143.234|||||443|||||47.104.143.234
47.104.253.89|||||81|||||47.104.253.89
47.104.91.8|||||8181|||||47.104.91.8
47.105.180.183|||||80|||||kinging.ysan.ml
47.105.190.225|||||80|||||47.105.190.225
47.105.43.90|||||8010|||||47.105.43.90
47.106.239.62|||||4443|||||47.106.239.62
47.110.145.60|||||443|||||47.110.145.60
47.110.161.81|||||443|||||47.110.161.81
47.110.90.89|||||443|||||47.110.90.89
47.110.90.89|||||4443|||||47.110.90.89
47.111.29.25|||||80|||||47.111.29.25
47.112.127.168|||||8889|||||47.112.127.168
47.112.246.192|||||81|||||47.112.246.192
47.113.122.50|||||9191|||||44.0.53.133
47.113.95.40|||||443|||||172.67.175.167
47.113.95.40|||||88|||||47.113.95.40
47.113.95.40|||||8880|||||172.67.175.167
47.114.39.239|||||80|||||47.114.39.239
47.115.18.192|||||443|||||v.autohome.com.cn
47.115.43.175|||||80|||||125.94.49.222
47.115.61.144|||||443|||||47.115.61.144
47.240.162.8|||||8090|||||47.240.162.8
47.242.148.4|||||443|||||47.242.148.4
47.242.148.4|||||80|||||47.242.148.4
47.242.30.106|||||443|||||47.242.30.106
47.242.30.106|||||81|||||47.242.30.106
47.242.38.226|||||443|||||soso-gogo.com
47.242.76.173|||||443|||||47.242.76.173
47.244.13.36|||||80|||||47.244.13.36
47.244.190.201|||||8010|||||47.244.190.201
47.244.217.78|||||443|||||47.244.217.78
47.244.218.224|||||13579|||||47.244.218.224
47.244.89.203|||||80|||||47.244.89.203
47.52.161.9|||||8888|||||47.52.161.9
47.56.144.122|||||443|||||47.56.144.122
47.56.144.122|||||80|||||sb.flashfack.ren
47.56.209.70|||||80|||||47.56.209.70
47.56.224.63|||||8888|||||47.56.224.63
47.56.236.51|||||443|||||47.56.236.51
47.75.123.100|||||443|||||news.itamarty.com
47.75.249.112|||||10443|||||47.75.249.112
47.75.251.9|||||8888|||||47.75.251.9
47.75.55.181|||||80|||||ns.2018test.com
47.75.55.181|||||8443|||||47.75.55.181
47.91.237.42|||||8443|||||47.91.237.42
47.91.242.27|||||443|||||47.91.242.27
47.92.242.153|||||8443|||||47.92.242.153
47.92.93.180|||||443|||||47.92.93.180
47.92.93.180|||||80|||||47.92.93.180
47.94.157.206|||||80|||||47.94.157.206
47.95.119.10|||||8080|||||47.95.119.10
47.95.231.140|||||8080|||||47.95.231.140
47.95.38.105|||||4444|||||
47.96.117.155|||||443|||||47.96.117.155
47.97.100.135|||||443|||||47.97.100.135
47.97.116.203|||||443|||||47.97.116.203
47.97.210.25|||||5555|||||47.97.210.25
47.98.103.103|||||8081|||||47.98.103.103
47.98.123.167|||||443|||||124.232.169.124
47.98.166.253|||||80|||||47.98.166.253
47.98.239.204|||||4443|||||47.98.239.204
47.99.131.210|||||80|||||ns1.msfconsole.icu
47.99.72.130|||||80|||||www.microport.com.cn
49.12.104.241|||||80|||||49.12.104.241
49.12.104.241|||||8080|||||77.123.155.143
49.12.104.241|||||8081|||||49.12.104.241
49.12.104.241|||||8082|||||49.12.104.241
49.12.104.241|||||8083|||||49.12.104.241
49.12.104.241|||||8314|||||195.123.209.194
49.232.217.171|||||80|||||49.232.217.171
49.232.30.21|||||8083|||||49.232.30.21
49.232.42.92|||||443|||||49.232.42.92
49.232.42.92|||||80|||||49.232.42.92
49.233.155.141|||||7001|||||49.233.155.141
49.234.208.78|||||8880|||||49.234.208.78
49.234.64.118|||||80|||||49.234.64.118
49.234.93.171|||||5555|||||49.234.93.171
49.234.94.53|||||80|||||49.234.94.53
49.234.94.85|||||8081|||||49.234.94.85
49.235.110.247|||||8443|||||cloudata.cf
49.235.193.60|||||443|||||221.181.200.211
49.235.193.60|||||80|||||153.3.231.191
49.235.204.16|||||8080|||||49.235.204.16
49.235.233.13|||||8090|||||49.235.233.13
49.235.241.242|||||443|||||49.235.241.242
49.235.42.77|||||443|||||daohang.lusongsong.com
49.235.42.77|||||80|||||daohang.lusongsong.com
5.149.253.199|||||443|||||5.149.253.199
5.149.253.199|||||80|||||5.149.253.199
5.149.254.19|||||443|||||delicalo.dnsalias.net
5.180.99.65|||||443|||||5.180.99.65
5.188.3.174|||||7777|||||5.188.3.174
5.196.114.192|||||443|||||amazoning.sytes.net
5.252.176.17|||||443|||||thuongthuc.gtagrobem.com
5.254.66.147|||||443|||||slatebank.com
5.34.180.164|||||443|||||adhesivesbursts.com
5.34.180.164|||||80|||||5.34.180.164
5.34.180.165|||||443|||||burtonschlorofluorocarbon.com
5.34.180.165|||||80|||||5.34.180.165
5.34.180.166|||||80|||||5.34.180.166
5.34.181.12|||||5800|||||5.34.181.12
5.34.181.12|||||5985|||||5.34.181.12
5.34.181.12|||||80|||||5.34.181.12
5.34.181.12|||||8000|||||5.34.181.12
5.34.181.12|||||8080|||||5.34.181.12
5.34.181.12|||||9090|||||5.34.181.12
5.39.216.203|||||5555|||||5.39.216.203
5.39.216.203|||||82|||||5.39.216.203
5.39.216.203|||||83|||||5.39.216.203
5.39.216.203|||||84|||||5.39.216.203
5.39.217.115|||||999|||||5.39.217.115
5.45.67.97|||||80|||||5.45.67.97
5.8.16.51|||||443|||||mail.mojgovaf.com
5.9.55.202|||||443|||||5.9.55.202
5.9.55.202|||||80|||||5.9.55.202
50.116.12.237|||||443|||||fonts.stata.buzz
51.159.67.169|||||80|||||51.159.67.169
51.178.83.41|||||443|||||top.jimwilkens.com
51.195.35.0|||||443|||||51.195.35.0
51.195.35.0|||||8888|||||51.195.35.0
51.210.138.71|||||80|||||51.210.138.71
51.77.156.178|||||80|||||51.77.156.178
51.83.180.153|||||443|||||updatesourcehealth.com
52.11.45.65|||||443|||||52.11.45.65
52.14.188.155|||||80|||||52.14.188.155
52.166.232.140|||||443|||||sbgprodib.oberto.za.net
52.175.218.135|||||443|||||c2.thestronghold.xyz
52.194.114.55|||||8081|||||96.45.188.131
52.195.12.33|||||443|||||52.195.12.33
52.229.22.93|||||443|||||52.229.22.93
52.28.253.50|||||443|||||rijkzijn.nl
52.28.253.50|||||80|||||rijkzijn.nl
52.59.168.192|||||443|||||rijkzijn.nl
52.59.168.192|||||80|||||rijkzijn.nl
52.59.192.156|||||443|||||d2xdjeule1g229.cloudfront.net
52.79.71.187|||||80|||||52.79.71.187
52.89.33.58|||||443|||||secure.mllnm.com
52.90.168.168|||||443|||||m24.yourintrinsichealth.com
54.144.48.52|||||443|||||m24.yourintrinsichealth.com
54.154.143.27|||||443|||||cehclient-canary.teams.microsoft.com
54.154.143.27|||||80|||||cehclient-canary.teams.microsoft.com
54.162.26.135|||||80|||||54.162.26.135
54.174.145.85|||||443|||||d1yxgunqlbb2ab.cloudfront.net
54.174.145.85|||||443|||||seetoo.fayservicing.org
54.174.145.85|||||80|||||54.174.145.85
54.197.151.253|||||443|||||54.197.151.253
54.212.69.111|||||443|||||7kf3xlsx24.execute-api.us-east-1.amazonaws.com
54.214.197.200|||||443|||||pnwcontent-delivery.com
54.242.70.107|||||443|||||54.242.70.107
59.11.209.223|||||443|||||59.11.209.223
59.110.243.48|||||80|||||59.110.243.48
60.12.215.101|||||2095|||||360hao.xyz
60.12.215.101|||||8443|||||60.12.215.101
60.190.119.117|||||8008|||||60.190.119.117
60.190.119.117|||||9009|||||60.190.119.117
60.205.220.98|||||443|||||58.218.215.124
60.205.247.166|||||8081|||||60.205.247.166
61.141.222.100|||||10000|||||61.141.222.100
61.141.222.100|||||8090|||||61.141.222.100
63.142.243.214|||||443|||||63.142.243.214
63.34.20.87|||||443|||||cehclient-canary.teams.microsoft.com
63.34.20.87|||||80|||||cehclient-canary.teams.microsoft.com
64.128.143.70|||||443|||||64.128.143.70
64.187.238.202|||||443|||||64.187.238.202
64.225.112.113|||||443|||||api.cloudways.com
64.225.112.113|||||80|||||64.225.112.113
64.227.24.12|||||443|||||64.227.24.12
64.227.45.20|||||443|||||cob.wolt.services
64.227.45.20|||||80|||||64.227.45.20
65.207.115.215|||||443|||||213.236.64.41
65.49.195.206|||||8880|||||admin.hack0ne.tk
66.42.43.101|||||80|||||66.42.43.101
66.42.59.57|||||443|||||help.office-books.com
66.42.79.192|||||443|||||ns01.checkinfo.ml
66.42.79.192|||||80|||||66.42.79.192
68.183.32.168|||||80|||||82.16.244.82
68.183.32.168|||||81|||||68.183.32.168
69.1.55.195|||||80|||||24.35.34.132
69.30.232.138|||||80|||||69.30.232.138
69.30.232.139|||||80|||||69.30.232.138
69.30.232.140|||||80|||||69.30.232.138
69.30.232.141|||||80|||||69.30.232.138
69.30.232.142|||||80|||||69.30.232.138
72.19.12.234|||||443|||||172.86.70.121
74.118.138.113|||||443|||||bird.allsafelink.com
74.118.138.224|||||443|||||news.khmedianyc.com
78.128.113.14|||||443|||||78.128.113.14
79.141.167.40|||||443|||||79.141.167.40
79.141.167.40|||||80|||||79.141.167.40
8.210.129.133|||||443|||||8.210.129.133
8.210.155.96|||||443|||||check.fiashupdate.xyz
8.210.155.96|||||80|||||www.csmu.website
8.210.181.205|||||80|||||
8.210.202.149|||||443|||||microsoft.sfkd.cf
8.210.202.149|||||80|||||microsoft.sfkd.cf
8.210.253.122|||||443|||||8.210.253.122
8.210.39.131|||||443|||||8.210.39.131
80.209.241.7|||||443|||||94.140.114.160
80.209.241.7|||||8443|||||94.140.114.63
80.211.200.179|||||2443|||||80.211.200.179
80.211.200.179|||||80|||||80.211.200.179
80.211.200.179|||||8080|||||192.168.161.128
80.211.200.179|||||9443|||||80.211.200.179
81.68.107.151|||||82|||||81.68.107.151
81.68.136.171|||||10443|||||microlog.azureedge.net
81.68.226.102|||||7777|||||81.68.226.102
81.68.232.220|||||80|||||81.68.232.220
81.68.85.109|||||9443|||||81.68.85.109
81.69.195.137|||||80|||||81.69.195.137
81.7.7.134|||||443|||||81.7.7.134
81.70.2.180|||||443|||||81.70.2.180
81.70.9.64|||||80|||||81.70.9.64
83.220.57.125|||||80|||||83.220.57.125
83.242.96.163|||||80|||||83.242.96.163
83.242.96.164|||||80|||||83.242.96.164
85.217.171.245|||||443|||||85.217.171.245
85.239.35.92|||||80|||||85.239.35.92
85.239.35.92|||||8080|||||85.239.35.92
85.93.20.114|||||8080|||||85.93.20.114
87.120.254.113|||||443|||||h22.club
87.120.254.113|||||80|||||h22.club
87.248.0.216|||||443|||||ebs.awsedge.net
87.251.70.12|||||443|||||supercombinating.com
88.119.171.64|||||80|||||88.119.171.64
88.119.174.150|||||80|||||88.119.174.150
88.119.175.54|||||443|||||hjdytrgfoljgdyoxfa.com
88.214.26.33|||||443|||||88.214.26.33
88.99.89.152|||||80|||||88.99.89.152
89.45.4.135|||||443|||||89.45.4.135
89.45.4.135|||||8080|||||89.45.4.135
89.46.86.160|||||80|||||89.46.86.160
91.210.106.32|||||443|||||91.210.106.32
91.229.23.63|||||443|||||146.0.72.91
91.229.77.41|||||443|||||bdiaccs.global.ssl.fastly.net
91.238.203.39|||||8080|||||91.238.203.39
92.38.176.84|||||80|||||92.38.176.84
92.42.14.133|||||443|||||92.42.14.133
92.42.14.133|||||80|||||92.42.14.133
92.63.194.55|||||4443|||||92.63.194.55
92.63.194.56|||||4443|||||92.63.194.56
93.115.20.14|||||8080|||||93.115.20.14
93.119.178.213|||||8081|||||93.119.178.213
93.180.156.77|||||443|||||www.nfdkjbfwjakd.ml
94.140.115.131|||||443|||||45.11.180.250
94.140.115.131|||||80|||||94.140.115.131
94.140.115.165|||||443|||||94.140.115.165
94.158.245.56|||||443|||||news.baotuoitre.co
94.232.43.11|||||80|||||94.232.43.11
95.130.9.249|||||443|||||95.130.9.249
95.179.138.46|||||80|||||winupdate10pack2048.net
95.179.153.30|||||443|||||updatesecurity64win.org
95.179.190.111|||||443|||||securityreserch86.net
95.179.228.164|||||80|||||36.110.239.4
95.179.228.227|||||443|||||95.179.228.227
95.179.236.54|||||5555|||||95.179.236.54
95.179.239.225|||||443|||||95.179.239.225
95.179.247.174|||||443|||||testginwebsite.tk
95.217.100.18|||||80|||||95.217.100.18
95.217.197.124|||||443|||||oomdatacollect.global.ssl.fastly.net
95.217.197.66|||||443|||||oomdatacollect.global.ssl.fastly.net
95.217.197.67|||||443|||||oomdatacollect.global.ssl.fastly.net
95.217.197.78|||||443|||||oomdatacollect.global.ssl.fastly.net
95.217.197.85|||||443|||||oomdatacollect.global.ssl.fastly.net
99.79.101.225|||||443|||||ajax.microsoft.com
99.81.122.12|||||80|||||99.81.122.12
